[{"name":"up1","x":0,"y":0,"width":64,"height":64},{"name":"up2","x":64,"y":0,"width":64,"height":64},{"name":"up3","x":128,"y":0,"width":64,"height":64},{"name":"up4","x":192,"y":0,"width":64,"height":64},{"name":"up5","x":256,"y":0,"width":64,"height":64},{"name":"up6","x":320,"y":0,"width":64,"height":64},{"name":"up7","x":384,"y":0,"width":64,"height":64},{"name":"up8","x":448,"y":0,"width":64,"height":64},{"name":"up9","x":512,"y":0,"width":64,"height":64},{"name":"left1","x":0,"y":64,"width":64,"height":64},{"name":"left2","x":64,"y":64,"width":64,"height":64},{"name":"left3","x":128,"y":64,"width":64,"height":64},{"name":"left4","x":192,"y":64,"width":64,"height":64},{"name":"left5","x":256,"y":64,"width":64,"height":64},{"name":"left6","x":320,"y":64,"width":64,"height":64},{"name":"left7","x":384,"y":64,"width":64,"height":64},{"name":"left8","x":448,"y":64,"width":64,"height":64},{"name":"left9","x":512,"y":64,"width":64,"height":64},{"name":"forward1","x":0,"y":128,"width":64,"height":64},{"name":"forward2","x":64,"y":128,"width":64,"height":64},{"name":"forward3","x":128,"y":128,"width":64,"height":64},{"name":"forward4","x":192,"y":128,"width":64,"height":64},{"name":"forward5","x":256,"y":128,"width":64,"height":64},{"name":"forward6","x":320,"y":128,"width":64,"height":64},{"name":"forward7","x":384,"y":128,"width":64,"height":64},{"name":"forward8","x":448,"y":128,"width":64,"height":64},{"name":"forward9","x":512,"y":128,"width":64,"height":64},{"name":"right1","x":0,"y":192,"width":64,"height":64},{"name":"right2","x":64,"y":192,"width":64,"height":64},{"name":"right3","x":128,"y":192,"width":64,"height":64},{"name":"right4","x":192,"y":192,"width":64,"height":64},{"name":"right5","x":256,"y":192,"width":64,"height":64},{"name":"right6","x":320,"y":192,"width":64,"height":64},{"name":"right7","x":384,"y":192,"width":64,"height":64},{"name":"right8","x":448,"y":192,"width":64,"height":64},{"name":"right9","x":512,"y":192,"width":64,"height":64},{"name":"fhammer1","x":0,"y":256,"width":64,"height":64},{"name":"fhammer2","x":64,"y":256,"width":64,"height":64},{"name":"fhammer3","x":128,"y":256,"width":64,"height":64},{"name":"fhammer4","x":192,"y":256,"width":64,"height":64},{"name":"fhammer5","x":256,"y":256,"width":64,"height":64},{"name":"fhammer6","x":320,"y":256,"width":64,"height":64},{"name":"lefthammer1","x":0,"y":320,"width":64,"height":64},{"name":"lefthammer2","x":64,"y":320,"width":64,"height":64},{"name":"lefthammer3","x":128,"y":320,"width":64,"height":64},{"name":"lefthammer4","x":192,"y":320,"width":64,"height":64},{"name":"lefthammer5","x":256,"y":320,"width":64,"height":64},{"name":"lefthammer6","x":320,"y":320,"width":64,"height":64},{"name":"dhammer1","x":0,"y":384,"width":64,"height":64},{"name":"dhammer2","x":64,"y":384,"width":64,"height":64},{"name":"dhammer3","x":128,"y":384,"width":64,"height":64},{"name":"dhammer4","x":192,"y":384,"width":64,"height":64},{"name":"dhammer5","x":256,"y":384,"width":64,"height":64},{"name":"dhammer6","x":320,"y":384,"width":64,"height":64},{"name":"lhammer1","x":0,"y":448,"width":64,"height":64},{"name":"lhammer2","x":64,"y":448,"width":64,"height":64},{"name":"lhammer3","x":128,"y":448,"width":64,"height":64},{"name":"lhammer4","x":192,"y":448,"width":64,"height":64},{"name":"lhammer5","x":256,"y":448,"width":64,"height":64},{"name":"lhammer6","x":320,"y":448,"width":64,"height":64}]