<font>
  <info face="font" size="48" bold="0" italic="0" charset="" unicode="" stretchH="100" smooth="1" aa="1" padding="2,2,2,2" spacing="0,0" outline="0"/>
  <common lineHeight="48" base="38" scaleW="84" scaleH="201" pages="1" packed="0"/>
  <pages>
    <page id="0" file="font.png"/>
  </pages>
  <chars count="10">
    <char id="48" x="2" y="2" width="26" height="38" xoffset="2" yoffset="1" xadvance="30" page="0" chnl="15"/>
    <char id="49" x="2" y="42" width="10" height="37" xoffset="8" yoffset="2" xadvance="30" page="0" chnl="15"/>
    <char id="50" x="2" y="81" width="24" height="37" xoffset="2" yoffset="1" xadvance="30" page="0" chnl="15"/>
    <char id="51" x="2" y="120" width="22" height="38" xoffset="3" yoffset="1" xadvance="30" page="0" chnl="15"/>
    <char id="52" x="2" y="160" width="27" height="39" xoffset="0" yoffset="0" xadvance="30" page="0" chnl="15"/>
    <char id="53" x="14" y="42" width="25" height="37" xoffset="1" yoffset="2" xadvance="30" page="0" chnl="15"/>
    <char id="54" x="30" y="2" width="25" height="38" xoffset="2" yoffset="1" xadvance="30" page="0" chnl="15"/>
    <char id="55" x="26" y="120" width="28" height="37" xoffset="2" yoffset="2" xadvance="30" page="0" chnl="15"/>
    <char id="56" x="41" y="42" width="22" height="38" xoffset="4" yoffset="1" xadvance="30" page="0" chnl="15"/>
    <char id="57" x="57" y="2" width="25" height="38" xoffset="2" yoffset="1" xadvance="30" page="0" chnl="15"/>
    <char id="32" x="0" y="0" width="0" height="0" xoffset="2" yoffset="1" xadvance="15" page="0" chnl="15"/>
  </chars>
  <kernings count="0"/>
</font>