{"16thoyg7JDy6ZCO9Rff//Q==":"cluster-478x337.png","RR5xaQEXcagSXtVx9zAm3g==":"cluster-1-478x337.png","ac0iIcvW5VVdfqFx/YY8dA==":"gabbylogo-120x120.png","YyzZfONK4D/B6rw2lUL6Ig==":"footerimg-270x107.png","cY6cb0Xa2N2R4sc+AVMzKg==":"footerimg-1-270x107.png","ro+vfn4acTAy4lg4Vk9nhw==":"guifarm2-1400x486.png","qSMKWeXXTz/hZa1VqunbrA==":"menutop2-350x95.png","2aCZwuwV6VPd+jwBMyGdUg==":"battleback10-1024x576.png","0zS6XXkmLV5jSiuUF24xEA==":"featuregraphic2-1024x500.png","R7JUZtCcsdXhP2YynrCH4A==":"featuregraphic2-1-1024x500.png","UvVk7cSp39PboQarR7/jAA==":"2019-12-08%2013_50_46-guighost%20farms-324x566.png","RCyrmR18qWocI41rINdi8w==":"2019-12-11%2020_14_52--543x933.png","OtfKDGYSVRs9v3GjGSrqLQ==":"2019-12-11%2020_16_19-guighost%20farms-539x937.png","RlDc32FdxYxibuQRT/y6jg==":"2019-12-11%2020_19_23--540x932.png","CxSyaYPLxh3aDffs4GyidQ==":"2019-12-11%2020_20_40--539x936.png","5MP9duzyipUOgmWq/3h+2Q==":"2019-12-19%2022_33_42-guighost%20farms-486x458.png","JnpUDIITtaaHKs5xJgi2kw==":"vinyardscreenshot-519x884.png","PhDeKeEXV+lhTBtwyHpGDw==":"battleback10-1-1024x576.png","fr4xlIJhLUTpsZjTcBDwBQ==":"2019-12-11%2020_18_52--541x936.png","rBik/TcAyLlGVCeJa8eU+g==":"2019-12-11%2020_19_23--540x932.png","c+wBI+6knRZDv+MtSz4m0w==":"battleback10-2-1024x576.png","86arONSvDvbnNGxWlh2BpA==":"battleback10-3-1024x576.png","CAompTx1ycLf2kWE6hoThg==":"battleback10-4-1024x576.png","txO1vA9cS4BIg4+rqk2Rdw==":"2019-12-21%2015_05_09-window-567x173.png","DWcRbxcEwDrLVqAg8DzSYA==":"gabbylogo-120x120.png","XXrFFaJzXZk2XBzqB5y/fA==":"featuregraphic2-1024x500.png","9ox3DqOM0ovk2s2TkV726Q==":"830x450-830x450.png","Aw14vdko8BwQ0AdyAR0egQ==":"play1_home-600x1042.png","AAB9BtsfCH9LOC3Rz4LuHQ==":"play2_town-600x1050.png","ZpyYkBgz1+YTHKCjHB5wvw==":"play4_orch-359x622.png","3Th2j76BbhCgJ//fpE7WKg==":"play5_past-359x626.png","A6gScb5/TyrzyoykDrJDTg==":"play3_ls-600x1043.png","XM336kR3K2BfwRGyMkdIpQ==":"play9_wm-600x1034.png","OmePcP/TGc27cXb2XaS0WQ==":"battleback10-2-1024x576.png","iGuGrlXxqysXrnSGfyB0Ig==":"830x450-1-830x450.png","7tgnOvIXvNmrbeqyeuX0Jg==":"battleback10-1024x576.png","wWBC3A2tF+UtT5xWSRiWlg==":"footerimg-1-270x107.png","c2O89IVjHOPgZHiKiyUBIg==":"homebutton128-128x128.png","MuIeEg14uSrv0ie9Mk6Q7A==":"menutop2-350x95.png","M94Z5dMZVMZKhiFI9pT9TA==":"play6_vin-356x620.png","JVVplwsbodg3sAl1peyE0Q==":"play3_ls-1-600x1043.png","s6KMbAEwcSS3Zf/HvD4+Gg==":"play3_ls-2-600x1043.png","Rysgy0w9BdCKHzIFJZIf5A==":"play6_vin-600x1045.png","/iICFXOvxevUOO1K1Y1ulA==":"play8_quest-600x1056.png","4nzr3LRWOjHtIGGMpZI6XQ==":"google-play-badge-646x250.png"}